{"cameraMode":{"drawMode":0,"name":"Shaded","section":"Shading Mode"},"sceneLighting":true,"audioPlay":false,"sceneViewState":{"m_AlwaysRefresh":false,"showFog":true,"showSkybox":true,"showFlares":true,"showImageEffects":true,"showParticleSystems":true,"showVisualEffectGraphs":true,"m_FxEnabled":true},"in2DMode":false,"pivot":{"x":14.71945571899414,"y":11.019804954528809,"z":-15.405574798583985},"rotation":{"x":0.0884523093700409,"y":-0.24974572658538819,"z":0.022915849462151529,"w":0.9639948010444641},"size":12.12435531616211,"orthographic":true}